iip-assoc-09d308a05106fbce8,i-0ae3f63791af9e181,arn:aws:iam::590992000271:instance-profile/EdwardsS3SGWRoleforSSMandCWAgent
iip-assoc-028ed8268b4375951,i-02e0f7f9046df500d,arn:aws:iam::590992000271:instance-profile/EdwardsS3SGWRoleforSSMandCWAgent
iip-assoc-0983704d3dafb4103,i-0b1c7e5a2cd51d518,arn:aws:iam::590992000271:instance-profile/EdwardsS3SGWRoleforSSMandCWAgent
iip-assoc-034a9ab955f8ff69b,i-018d27468e5bd8cd0,arn:aws:iam::590992000271:instance-profile/EdwardsS3SGWRoleforSSMandCWAgent
iip-assoc-0eb7938fde4d420ca,i-0d8deed45eb72c59d,arn:aws:iam::590992000271:instance-profile/EdwardsS3SGWRoleforSSMandCWAgent
iip-assoc-000efe4c36742a37f,i-0bd92ca0b8fe0c577,arn:aws:iam::590992000271:instance-profile/EdwardsS3SGWRoleforSSMandCWAgent
iip-assoc-0b07d5de155772d21,i-0c525be5cdef298c4,arn:aws:iam::590992000271:instance-profile/EdwardsS3SGWRoleforSSMandCWAgent
iip-assoc-0eaeb72729debcc9b,i-03eaaed9a0f11a20e,arn:aws:iam::590992000271:instance-profile/EdwardsS3SGWRoleforSSMandCWAgent
iip-assoc-0a072aff98f1824d3,i-032f67f88d605953e,arn:aws:iam::590992000271:instance-profile/EdwardsS3SGWRoleforSSMandCWAgent
iip-assoc-0a945b2fa18d45153,i-0ba503eca0c009f5b,arn:aws:iam::590992000271:instance-profile/EdwardsS3SGWRoleforSSMandCWAgent
iip-assoc-0a0f5508df9ce8fb2,i-024fdefdda6363545,arn:aws:iam::590992000271:instance-profile/EdwardsS3SGWRoleforSSMandCWAgent
iip-assoc-06bfd7ce2e81e5ae0,i-01ce8684bf9976a50,arn:aws:iam::590992000271:instance-profile/EdwardsS3SGWRoleforSSMandCWAgent
iip-assoc-02860e9c020e57d4c,i-0937fa4dd69c42421,arn:aws:iam::590992000271:instance-profile/EdwardsS3SGWRoleforSSMandCWAgent