Hostname,Instance Id, Key Pair
AwOr-OqTibEms02,i-e5486a22,tibco
AwOr-PdTibEms02,i-ffb08b38,tibco
jde-haproxy-AZB,i-1b439d8e,aws-netsecurity
irvnxthnkapp02,i-fc68eae4
irvcmsora02-pd,i-ab5617b3,aws-corpinfo-msp
AwOr-TsTibEms01,i-7ec8a4a6,tibco
AwOr-TsTibAdm01,i-61c8a4b9,tibco
AwOr-DvTibEms01,i-9c3c5344,tibco
AwOr-DvTibAdm01,i-9d3c5345,tibco
AwOr-OqTibEms01,i-022958da,tibco
AwOr-PdTibEms01,i-fdf4bc25,tibco
AwOr-PdTibAdm01,i-0c0843d4,tibco
jde-haproxy,i-24d763b0,aws-netsecurity
irvcmsora01,i-4850c6dc
IRVORACLN13,i-723f366a
IRVORACLN16,i-39f41222
treadstone-haproxy,i-b40bc7eb,aws-netsecurity
irvcmsora01-pd,i-2aa36875
AWOR-DVDWHAPP01,i-85234611,aws-corpinfo-msp
AWOR-DVDWHDB01,i-692346fd,aws-corpinfo-msp
AWOR-PDDWHDB02,i-0236f0b7bbdc972cd,aws-corpinfo-msp
AWOR-PDDWHDB01,i-0402f85a16db49fa8,aws-corpinfo-msp
AWOR-PDSECCTR01,i-05479b9db88811c44,aws-corpinfo-msp
AWOR-PDPDMAPP01,i-078e3e03aa3251943,aws-corpinfo-msp
AWOR-PDPDMDB01,i-0cacc854c279c938d,aws-corpinfo-msp
AWOR-PDNETFTP01,i-01042968aa26bd510,aws-corpinfo-msp
AWOR-DVORAAPX01,i-06505f62bad177a87,aws-corpinfo-msp
AWOR-DVWPLDB01,i-0c51b3594df7e841e,generic
AWOR-DVPDMLDB01,i-09718f3916c319adb,aws-corpinfo-msp
AWOR-PDPDMLDB01,i-0e79195bc55229960,aws-corpinfo-msp
AWOR-TSDWHDB01,i-08ee0327a0e41f001,aws-corpinfo-msp
AWOR-PDGITAPP01,i-0fb4a0898d9eed455,MING-edwards2
asadmin-fe-proxy-common,i-096b2f7934a824cb8,aws-corpinfo-msp
edwards-exch-fe-proxy-test,i-01728a607346579e0,aws-corpinfo-msp
AWOR-PDQLIKPROXY02,i-0c51a5f192b566189,aws-corpinfo-msp
AWOR-PDDAGAPP02,i-045beba473f2cf3c3,aws-corpinfo-msp
AWOR-PDDWHAPP01,i-0e04b39a00b22957c,aws-corpinfo-msp
AWOR-PDORAAPX01,i-01d49c6ad4ab5dfff,aws-corpinfo-msp
edwards-qlik-fe-proxy-prod,i-08206bae0527c956e,aws-corpinfo-msp
AwOr-PdDlTbl02,i-01240e1d51d44f3c4,aws-corpinfo-msp
AWOR-PDWEPAPP01,i-0d6e5e635bf1b21c3,aws-corpinfo-msp
AWOR-PDCYBPSMP01,i-0de7f69cab2e90279,aws-corpinfo-msp
AwOr-DvTibBw01,i-00dff7131183330cf,tibco
AwOr-PdTibBw04,i-0af97481a5bf3b42a,tibco
AwOr-PdTibBw03,i-03855aea63227a3ac,tibco
asadmin-fe-proxy-common,i-08965792429319f23,aws-corpinfo-msp
AWOR-PDATAAPP01,i-0ac2f28e3e025496c,aws-corpinfo-msp
AWOR-PDATAAPP02,i-03991d1fa3db8e7d4,aws-corpinfo-msp
AwOr-OqTibBw01,i-04e1ba2b2ea99228a,MING-edwards2
AwOr-OqTibBw02,i-0561e15803ecce81e,MING-edwards2
AWOR-PDCSIAPP01,i-06aff2b0e10c200b3,aws-corpinfo-msp
AWOR-PDCSIDB01,i-0fc021b26033accf3,aws-corpinfo-msp
AwOr-TsTibBw01,i-0019b7e08b7628780,tibco
AWOR-PDTANMOD01,i-0af50554d9057ad09,aws-corpinfo-msp
AWOR-PDTANAPP01,i-0e9083fb938a9c3af,aws-corpinfo-msp
AWOR-SSTIBJBL01,i-0ef8b8babc3813aef,tibco
AWOR-PDWVSAPP01,i-0e65a285a03bbedb6,acunetix
edwards-exch-fe-proxy-test,i-047f100dd87e9be10,aws-corpinfo-msp
AWOR-DVLNXAPP01,i-089259b10ff48073d,aws-corpinfo-msp
AWOR-PDSECVUL02,i-00e6a99907f612192,aws-corpinfo-msp
AWOR-DVSECPRX01,i-0d9d03b1e88f8e189,aws-corpinfo-msp
AWOR-PDQLIKPROXY01,i-05a2441c5ba4969e7,aws-corpinfo-msp
AWOR-DVLNXSQL01,i-08d52cf319bb885aa,aws-corpinfo-msp
AWOR-DVLNXSQL02,i-024ed90cd6e03a9df,aws-corpinfo-msp
AWOR-TSRAPP01,i-0bbbf727ca7e5781d,aws-corpinfo-msp
AWOR-DVORAAPX02,i-028d0b8ee0eaae386,aws-corpinfo-msp
AWOR-PDNETBDB01,i-0e04b8f071da5060c,aws-corpinfo-msp
els-nginx-sccm-prd,i-0996c44404d687c9e,aws-corpinfo-msp
AWOR-PDDAGAPP01,i-093e166aaac4cd3da,aws-corpinfo-msp
AWOR-PDORAAPX02,i-017e7b472e9713d74,aws-corpinfo-msp
AwOr-OqTibAdm01,i-03faf1031a913dc0f,tibco
AWOR-TSDWHAPP01,i-026e93a0cdec8fcfe,aws-corpinfo-msp
AWOR-DEVYFAPP01,i-0d87a7aca716d98fc,aws-corpinfo-msp
AWOR-PDSLWDB01,i-0ed338b05ecc8e78a,aws-corpinfo-msp
AWOR-DVIDQAPP01,i-0d35ff58ddca461db,aws-corpinfo-msp
AWOR-PDCOVAPP01,i-05b6ef28cb6cf360a,aws-corpinfo-msp
AwOr-SsDlTbl01,i-0689645b339f141f7,aws-corpinfo-msp
AwOr-SsDlEtl01,i-0d6125e47a41569c0,aws-corpinfo-msp
AwOr-PdDlEtl01,i-0fbc4d0ac3bb0c620,aws-corpinfo-msp
AWOR-LINUXTEST,i-02dce372ffa91e178,aws-corpinfo-msp
AWOR-PDIDQAPP01,i-00976a21e5ac2aa44,aws-corpinfo-msp
AWOR-PDTHVWEB01,i-056777576182bf3de,aws-corpinfo-msp
els-patch-test-prod,i-06e0cef8b93174699,aws-corpinfo-msp
els-patch-test-non-prod,i-01979c9cd318820cc,aws-corpinfo-msp
edwards-qlik-fe-proxy-prod,i-0c7a3004c75bee917,aws-corpinfo-msp
AWOR-DVDRGAPP05,i-0373b05dc374725b6,aws-corpinfo-msp
AwOr-SsDlTbl02,i-071da497949f2f5b8,aws-corpinfo-msp
AwOr-PdDlTbl01,i-075b2decd570f725e,aws-corpinfo-msp
AWOR-PDBKPSRV02,i-0b1c7e5a2cd51d518,aws-corpinfo-msp
AWOR-PDDAGAPP03-delete on 07/10/20,i-0264d2cbfcd39df69,aws-corpinfo-msp
troubleshoot netscaler,i-008cfd468fe296fcd,aws-corpinfo-msp
AwOr-PdDlTbl03,i-0cffc6e2a444d1eb3,aws-corpinfo-msp
