AwOr-OqTibEms02,i-e5486a22
AwOr-PdTibEms02,i-ffb08b38
AWOR-TSMESWEB02,i-397e44fe
AWOR-PDMESWEB02,i-4528cbea
AWOR-PDTAPWEB02,i-bf4aa910
AWOR-PDPKIAE02,i-a416f80b
AWORINPLMAPP04,i-2c8d4a83
AWORINPLMWEB02,i-199750b6
AWORINPLMWEB04,i-a394530c
AWORINPLMTRA02,i-109e59bf
AWOR-TSTAPWEB02,i-1a68c8b5
AWOR-PDQLKWEB02,i-1352f2bc
nat-workspaces-b - not used,i-448331eb
AWPJDEWL08,i-df452970
AWPJDEWL13,i-5f462af0
AWORTSPLMAPP02,i-57ee3ac2
AWORTSPLMWEB02,i-cdeb3f58
AWORTRPLMAPP02,i-c612c653
AWORTRPLMWEB02,i-521ecac7
AWOR-PTMESWEB02,i-9f7fa80a
jde-haproxy-AZB,i-1b439d8e
irvBIZDEV02,i-4a2d8cdf
irvBIZDEV04,i-f3349566
irvcmsora02,i-379d4c2f
irveaiweb02-oq,i-b332e2ab
AWOROQPLMAPP04,i-f606dbee
AWOROQPLMTRA02,i-0737ea1f
AWOROQPLMWEB04,i-bb33eea3
AWOROQPLMWEB02,i-bc33eea4
AWOR-PDQLKAPP02,i-e3a61ffb
DV-PAN-B,i-cb5de4d3
irvBpcApp02-Pd,i-8cd26a94
irvTMTWEB02,i-7798206f
irvBpcTs01-Pd,i-c88b33d0
irvSQLDB01,i-d77ec6cf
USIR-PDARCPRT01,i-5e5be346
irvJDEUPK02,i-3cbc3924
AWORTCULIC02,i-eff374f7
irvMETCAL01,i-22a0273a
SS-PAN-B,i-d031b7c8
irvnxthnkapp02,i-fc68eae4
irveaiweb02-pd,i-ec9f12f4
PD-PAN-B,i-a22ca4ba
USIR-PDARCPRT02,i-8c43d694
AWOR-PDPLMDB02,i-6f178577
irvADFSPOL2-PRD,i-e2c5a6fa
irvMFA02,i-41c5a659
awor-tsqmsweb02,i-96bdd38e
awor-tsvgsapp01,i-08533810
awor-tsqmsapp02,i-aa5338b2
awor-tsqmsweb01,i-099eed11
awor-tsqmsapp01,i-529eed4a
awor-tsiprapp01,i-c19eedd9
irvcmsora02-pd,i-ab5617b3
AwOr-PdTibDb01,i-acd9bf74
AwOr-TsTibEms01,i-7ec8a4a6
AwOr-TsTibAdm01,i-61c8a4b9
AwOr-DvTibEms01,i-9c3c5344
AwOr-DvTibAdm01,i-9d3c5345
AwOr-OqTibEms01,i-022958da
AWOR-TSMESDB01,i-bfa5e367
AWOR-DVMESDB01,i-b5a0e66d
AWOR-TSMESBO01,i-e6eba53e
AWOR-TSMESCIO01,i-a8e5ab70
AwOr-PdTibEms01,i-fdf4bc25
AwOr-PdTibAdm01,i-0c0843d4
AWOR-TSMESWEB01,i-9223684a
AWOR-DVMESBO01,i-05256edd
AWOR-DVMESCIO01,i-ff3a7127
AWOR-DVMESWEB01,i-c33e751b
AWOR-DVPLMDB01,i-7c1c48a4
AWOR-PDMESDB01,i-94abf34c
AWTJDE068,i-0e787bd6
AwOr-DvTibDpr02,i-404f4098
AwOr-DvTibDpr03,i-424f409a
AwOr-DvTibDpr01,i-434f409b
AWPJDEDBW1,i-5b1a0883
AwOr-DvTibSvn01,i-d6f2e80e
AwOr-PdTibFil11,i-ad7d9976
AWOR-TSPLMDB01,i-3e6593e5
AWOR-PDMESBO01,i-028c41d9
AWOR-PDMESWEB01,i-88975a53
AWOR-PDMESWEB04,i-4fed2094
AWOR-PDTAPWEB01,i-0ae12cd1
AWOR-PDCMSDB01,i-f11bd22a
AWOR-PDPKIGP01,i-8536ff5e
AWOR-PDPKIAE01,i-d34d8408
AWOR-PDCMSADM01,i-ef448d34
AWOR-PDCMSWEB01,i-1e5990c5
AWOR-OQMESDB01,i-c0ad8255
AWOR-OQMESWEB01,i-a5e4d430
AWOR-OQMESBO01,i-8fe9d91a
AWOR-OQMESCIO01,i-9fecdc0a
AWORINPLMAPP01,i-4692add3
AWORINPLMWEB01,i-948bb401
AWORINPLMWEB03,i-f788b762
AWORINPLMWEB05,i-e685ba73
AWORINPLMTRA01,i-5a81becf
AWORINPLMTRA03,i-c07c4255
AWORTSPLMFIL01,i-91ccf404
AWOR-PDMESCTT01,i-197f6c8c
AWOR-DVTAPWEB01,i-050c1790
AWOR-TSTAPWEB01,i-4d0d16d8
AWOR-PDQLKWEB01,i-c6dac153
AWOR-DVITTST01,i-bc1ce228
irvEAIWEB02-PY,i-b7e62623
irvEAIWEB01-PY,i-c0e52554
irvBPCAPP02-TST,i-be18d82a
irvBPCAPP01-TST,i-5114d4c5
irvDIGWEB30,i-1eb86e8a
irvDIGWEB11,i-e306d077
irvDIGPLM01-DEV,i-9e06d00a
irvDIGWEB22,i-c70cda53
irvLSDAPP02,i-a11ece35
irvLSDWEB02,i-fb71a16f
AwOr-SsTibOps01,i-d7ae7d43
irvTMTWEB01,i-1708d583
AWPJDEWL02,i-eeda7a7a
AWPJDEFS01,i-f8cd6f6c
irvineNT60,i-6c65c7f8
AWPJDEOVR1,i-d968ca4d
AWORTSPLMAPP01,i-88e04d1c
AWORTSPLMWEB01,i-57fc51c3
AWORTRPLMWEB01,i-c7f05d53
AWOR-PTMESBO01,i-9fd4780b
AWOR-PTMESCIO01,i-b3b91527
AWOR-PTMESWEB01,i-a8913d3c
AWOR-PTMESDB01,i-5f5af6cb
jde-haproxy,i-24d763b0
AWOR-DVQLKAPP01,i-49cd7ddd
AWOR-OQQLKAPP01,i-f5b00061
AWPJDEDP01,i-eea2127a
irvHFMFDM02-DEV,i-ce73f75a
irvQMSDEV03,i-b27efa26
irvQMSDEV01,i-5973f7cd
irvHFMREP02-DEV,i-677cf8f3
irvHFMWEB03-DEV,i-667cf8f2
irvHFMFND02-DEV,i-ca1c985e
irvcmsora01,i-4850c6dc
irvLBLSPC02-oq,i-4950c6dd
irvLBLLFT03,i-9051c704
irvLBLFIL02,i-8751c713
irvLBLCMS02-oq,i-1550c681
irvSDLAPP01,i-ad50c639
irvEAIWEB01-OQ,i-c66129de
AwOr-SsTibJbW01,i-ef165cf7
irvbizPY03,i-af5f15b7
AWOROQPLMAPP01,i-d92075c1
AWOROQPLMAPP03,i-9c2f7a84
AWOROQPLMTRA01,i-db5306c3
AWOROQPLMWEB03,i-a6590cbe
AWOROQPLMWEB01,i-e8590cf0
AWORPDPLMWEB03,i-70356a68
AWORPDPLMWEB04,i-71356a69
AWORPDPLMWEB05,i-72356a6a
AWORPDPLMWEB06,i-73356a6b
AWORPDPLMWEB01,i-6c356a74
AWORPDPLMWEB02,i-6d356a75
AWORPDPLMTRA01,i-88530c90
AWORPDPLMTRA02,i-89530c91
AWORPDPLMTRA03,i-8e530c96
AWORPDPLMAPP02,i-41732c59
AWORPDPLMAPP03,i-44732c5c
AWORPDPLMAPP04,i-45732c5d
AWORPDPLMAPP05,i-46732c5e
AWORPDPLMAPP06,i-47732c5f
irvJDEVTX02,i-6d540c75
irvJDEREP01,i-9322028b
AWORDVARAAPP01,i-2a94b932
AWOR-PDEMBAPP01,i-4be0cc53
AWOR-PDSPCFIL01,i-20477638
AWOR-PDQLKAPP01,i-a60233be
irvBpcApp01-Pd,i-4448785c
irvDIGWEB12,i-2b043433
irvLSDAPP01,i-71033369
irvLSDWEB01,i-81043499
USIR-PDARCAPP01,i-9d043485
irvJDEUPK01,i-239ba63b
AWORTCULIC01,i-dfedd2c7
DV-PAN-A,i-e9d9e6f1
AWOROQPLMFIL01,i-d96d53c1
AWORINPLMFIL01,i-9e6d5386
SS-PAN-A,i-7510296d
AWORWEB01-DEV,i-66d9e07e
AWORWEB01-PD,i-87d8e19f
irvGFRPTL01,i-f82d28e0
irvGFRAPP01,i-0a2d2812
irvGFRWEB01,i-092d2811
irvEAIWEB01-PD,i-7d646065
AWOR-DVMIMAPP01,i-46696a5e
PD-PAN-A,i-cadbd9d2
irvDIGWEB10,i-12101c0a
irvIMANINT01,i-903c3588
irvORACLN13,i-723f366a
irvCHAAUD01,i-303f3628
irvDIGWEB20,i-3d3f3625
irvAMSDBX01,i-323f362a
irvADSDBX01,i-3b3f3623
AWOR-PDPLMDB01,i-611c0c79
AWORPTPLMAPP01,i-68d8cb70
AWORPDPLMFIL01,i-c99b88d1
irvJDEMEX01,i-b40e11ac
AwOr-TmTibEms01,i-c2c8d1da
AWOR-PDQMSDB01,i-0fd03514
MGMT-Netscaler-A-Secondary,i-f455b0ef
MGMT-Netscaler-A-Primary,i-eb55b0f0
irvORACLN16,i-39f41222
irvTALTCC01,i-a6f412bd
irvMFA01,i-bd33d5a6
irvADFSPOL1-PRD,i-b433d5af
AWORDVPLMAPP07,i-ad6193f2
AWORDVPLMAPP08,i-956193ca
AWOR-DVEWDC01,i-31c9306e
AWOR-DVAMDC01,i-1cca3343
irvMKSTMP01,i-bb5ba1e4
irvMKS01-Dev,i-d159a38e
treadstone-haproxy,i-b40bc7eb
irvJDECTI04,i-43a3681c
irvBIZPD03,i-56a36809
irvJDEGPD01,i-29a36876
irvLBLFIL01,i-2ca36873
irvcmsora01-pd,i-2aa36875
irvDIGWEB25,i-91ac67ce
irvBIZFIL01,i-bfac67e0
irvDSP01,i-bcac67e3
irvLBLCMS02,i-cdac6792
irvDIGWEB24,i-caac6795
irvLBLARC01,i-8cad66d3
irvTRXFIL07,i-5e63b701
irvQMSDEV06,i-46f72a19
irvQMSDEV02,i-bbf429e4
irvQMSDEV05,i-bcf429e3
irvSECMOV05,i-d8f42987
AWOR-DVCYBWEB01,i-6f2db0fb
AWOR-DVCYBVAU01,i-7529b4e1
AWOR-DVCYBCPM01,i-5ade42ce
irvLBLFIL03,i-c18c1055
AWORTSARADB01,i-51ec76c5
AWORTSARAAPP01,i-02e17b96
AWOR-DVDWHAPP01,i-85234611
AWOR-DVDWHDB01,i-692346fd
awor-pdjdewrr01,i-32a4c1a6
AWOR-PDSPOAPP01,i-e0cba974
AWOR-PDSPOAPP02,i-7cccaee8
AWOR-TSEUDC01,i-491f72dd
AWOR-TSAPDC01,i-ee1e737a
AWOR-TSEWDC01,i-261875b2
AWOR-TSAMDC01,i-321b76a6
irvPLMIPL02-OQ,i-080afe1b9a664eafa
AWPJDEDB2,i-008e5476baa12aae2
AWOR-PDMESWEB03,i-09993bb988e094a17
AWORPDARAAPP02,i-0b8eb1add5396f582
AWOR-PDDWHDB02,i-0236f0b7bbdc972cd
irvInfinityQS,i-0e8b1d966c45c4df3
irvBpcSql01-Pd,i-06fe88e569772cf43
irvLMSDB01,i-02a2a0b1b4d755e88
irvLGLECN02,i-034180c28f4fc9045
irvLGLECN01,i-057d0ddf2156fd3a0
irvTABAPP01,i-0b6ba64e6ce8b9bc7
irvLGLDB01,i-04cc954d4f7804c7d
AWOR-PDRFXAPP01,i-09da7c118d76c3896
irvcoggwt01,i-070866cb18fa18932
awpjdepcc05,i-06fdc5e8647109d6b
irvSQL15,i-0a88999785421bc41
irvine741,i-070d09a1f33c9a21d
irvOLBSQL01-PRD,i-0162bcabf057fe8f7
irvSQLQA01,i-0ffdb1541df22c496
AWOR-PDMIM02,i-0dea4205d54402769
AWOR-PDMIMDB02,i-0313ccf105a259505
irvSQLDEV03,i-0dba3cdd1c001f48f
AWOR-TSMIMAPP01,i-0d95640f296070b35
AWOR-TSMIMAPP02,i-024d2b7ecc7aa8e9e
AWOR-TSMFGDC01,i-0e29b5d615905ce60
AWOR-PDCWMAPP01,i-0173f6cd455a14bcb
irvJDECTI03,i-0a5def50234c6f82d
irvTRXFIL09,i-0c662ceb60e9974cb
irvJDETRX08,i-09c72e2da6232d4b2
irvPLMISE01-OQ,i-03339fd86e93d93d3
irvPLMIPL01-OQ,i-0ae83fd1c0ac18277
AWOR-TSMESFIL01,i-0eaba025e972500b6
AWOR-PDFILSRV01,i-0b693f203acc359d1
AWOR-PDDWHDB01,i-0402f85a16db49fa8
AWOR-PDSQLDB02,i-09ae8ec7fbb4a1fdf
AWORPDARAAPP01,i-0adae9cd649eba580
AWORPDARAFIL01,i-012fe1f8badba5b39
irvLATVWI01,i-058d274000d25899c
irvine843,i-0618fee734047583f
AWOR-TSLABSCH01,i-03372a3a2eb2abf5d
AWOR-TSLABAPP01,i-07e1cc79306425020
AWOR-PDSECCTR01,i-05479b9db88811c44
irvITRSPT05,i-05a1867f2e9b0b92c
irvLMSRPT01,i-0f1ba4ff3b167199a
irvLBLWIP01,i-059166be7931a3f46
irvKMSLIC01,i-06c39a2a1fe30d992
AWOR-DVLABAPP01,i-022f1626eb5ed8364
irvRDSLIC01,i-0f60cec814daf2984
irvBAM01,i-09068c4ab3363f2bc
irvTCUENT01-ilc,i-0f21b95a5c688d045
irvTCUFIL01-ilc,i-0703c2451c3862b6c
irvTCUTRA01-ilc,i-018db6d6d34833c15
AWOR-PDPDMAPP01,i-078e3e03aa3251943
irvSCOMSRV01,i-0a38fa3423db72b6b
irvPRN01,i-029be44eadbba1ea3
irvSQLDEV04,i-008189e3cd0662949
irvHVTOPS01,i-0c8d18df240c07507
irvcoggwd01,i-0cf118561ed334660
AWOR-PDORADB01,i-091b007a4321557d2
AWOR-PDPDMDB01,i-0cacc854c279c938d
AWOR-PDNETFTP01,i-01042968aa26bd510
irvOLBSQL01-QA,i-0c165d1db5deec380
AWOR-DVORAAPX01,i-06505f62bad177a87
irvFTP01,i-0fd471150f74704c8
irvine814,i-0b1c187a9856193cf
awtjdepcc04,i-097b1aac1ad655a26
irvine838,i-0dd4d2bfd8348d5b7
awpjdepcc03,i-07b174574f402b435
AWOR-TSTCCWEB01,i-007079f89c354708f
AWOR-PDTCCWEB01,i-019dda149903d9c63
AWOR-DVIVFAPP01,i-0645861291df1fac2
AWOR-PDAMDC02,i-0344f955e9c2de423
irvINE500-DR,i-0a99a7c63e58b7f97
AWOR-PDMIM01,i-082179afd03c3db75
AWOR-PDMIMDB01,i-03f80f6701e5b3c5d
irvINE503,i-064b8d84791d9b34f
irvINE501-DR,i-0df750d1d4c2c5be5
AWOR-DVSPCDB01,i-050b59dd3f4e0aa04
AWORDVARADB01,i-015050057c7898b2d
AWOR-DVWPLDB01,i-0c51b3594df7e841e
irvINE873,i-07e7c177556675bc1
irvSQLDEV02,i-0763dd43d93179d52
irvBpcSql01-TST,i-0190b1f94437d2fbe
AWOR-TSMIMDB01,i-064a24dda241e6fd5
irvbizsql01-oq,i-0c1ebb03a7ed77f9f
AWOR-OQSPCDB01,i-0401216cdb10b908e
AWORPDARAAPP03,i-024785a76845f9e92
AWOROQARAAPP03,i-0b69adf6c4ee40b8c
DSP-SERVER2,i-0cf949a01a298ce0f
AWOR-DVPDMLDB01,i-09718f3916c319adb
AWOR-DVPDMLAS02,i-0dea51075141a819b
AWPJDEWL14,i-0a75392ed64bca81c
AWOR-PDPDMLDB01,i-0e79195bc55229960
AWOR-TSDWHDB01,i-08ee0327a0e41f001
irvITRSPT06,i-0fc5a22b7510fe9fb
irvINE83_decomm RITM0121891,i-02613449748201a07
AWOR-PDARADB02,i-06f6dfa50f3f9306b
irvHFMSQL01,i-0aed74e6e655c2440
AWOR-PDMESDB03,i-08351195ce32ba85c
AwOr-PdTibDb02,i-0dbe0766a3f00be78
AWOR-PDCYBWEB02,i-05a49f0e1dccc3ff5
AWOR-PDCYBPSM02,i-05a6d12252cb2a3cc
DraWebPD01,i-0022f668030e57b8c
irvLABFIL01-do not start,i-0db2ea94f1fd9e899
AWOR-PDAMMID01,i-0b236a393b35fa3de
AWOR-TSTOPPWEB01,i-0733e102c6c04ba30
AWOR-PDTOPPWEB01,i-065460cc0324c25fd
AWOR-TSMESDBW01,i-0dc20df3c1c0a8c58
AWOR-PDGITAPP01,i-0fb4a0898d9eed455
asadmin-fe-proxy-common,i-096b2f7934a824cb8
AwOr-TmTibBw02,i-0298e26173d93418f
AWOR-PDLTRAPP01,i-0f481ef00f4a8543f
AWOR-DVMESWRK06,i-0a6cfd2e03a063c6b
irvBizOQ04,i-0ea685a3d874c27b1
irvbizPY04,i-0f42991aa258ae95e
Awor-tsmesbo02,i-0f0b03130af11d0f9
AWOR-DRSQLDB02,i-01c49a1fd48cc29b2
AWOR-PDCLZAPP01,i-0e10b45b8b4bff988
AWOR-DRSPCDB01,i-0c3272b18e861674b
AWOR-PDINFAPP01,i-00312032089f220e7
AWORDVARAAPP02,i-053c5731232ed3815
AWOR-PDENGLIC02,i-0cbbc7dd3a0e68d1d
AWPJDEDB3,i-0948d74eae3ce4a9d
AWOR-PDMESWEB06,i-0c006020166eea394
USDRINPLMAPP01,i-0de6e185c0b8edc90
USDRPDPLMAPP01,i-06653c4b3c92b3aed
AWOR-PDT2PAS01,i-0b018a888e99d8f08
AWOR-PDQLKSNS02,i-0a6a14fe04cd91b14
AWOR-PDQLKNPR01,i-0115e68de92240ced
AWPJDEWL20,i-07d6f15170bf79339
AWPJDEWL22,i-0d383292a3da94a5f
AWPJDEWL24,i-0ad01e57adc8177e8
AWPJDEWL26,i-0b960d52bbc1a341d
irvBIZPD04,i-0baad4ad84ecd2f14
Awor-thqlknpr01,i-0e165257a93d2d43c
AWOR-PDHRAPP01,i-062e130b6a4695fa1
AWOR-PDAMDC22,i-0dfc77594d78655ef
SLCPRN01,i-0528649642bd44e9c
AWOR-QALABAPP01,i-03a1ea9dff001cd8e
AWOR-QALABSCH01,i-09ece954734546176
AWOR-QALABAPP02,i-09e8b69b637fbd37d
irvLBLSPC01-oq,i-01e0ff356621c257d
edwards-exch-fe-proxy-test,i-01728a607346579e0
AWOR-TSDMOAPP01,i-063cba386fcbb7b33
AWOR-PDWCVAPP21,i-08a45bcff5908bbd1
AwOr-OqTibDb02,i-070a4d1853efc80a8
AwOr-OqTibDbW01,i-0e7dcccabb722b2d9
AWOR-PDWCVAPP22,i-04e27a1da6b73418a
irvJDETRX07,i-08e2e5ed5f9d99916
irvORACLN11,i-0678ab661cbeed790
irvORACLN12,i-02ce088c575c2b54f
AWOR-PDDMOAPP01 ,i-040efbff1a773be64
AWPJDELG03,i-03d550dafcb56ab76
AWPJDELG05,i-0b72f3c603e85d63a
AWPJDELG06,i-04806635b6ec23568
AWPJDELG11,i-0af3b3a5579190604
AWPJDELG16,i-078925a9cf5296d57
AWPJDELG17,i-0578adc4d39d25f56
AWOR-TSWPLAPP01 - delete 08/21,i-03dc148ab2cc5ad80
AWOR-PDDHCP01,i-0179df269ad9ac954
irvOLBECM01-QA,i-095dcaf5ca225e6a7
AWOR-PDQLIKPROXY02,i-0c51a5f192b566189
AWOR-DVMESDB03,i-01c61723a24365d35
AWPJDEAI04,i-0cfb6f734c9fb536b
AWOR-PDCTCAPP02,i-09de5fae08190a4bd
AWOR-PDTABAPP02,i-08670e064599f71d0
AWOR-TsRssApp02,i-0946e698d7e97077a
AWOR-DVMESDBW01,i-0f700a23e3b82b0a9
AWOR-PDPXPDB05,i-050d84a35b36f8cec
AWOR-PDMESDB05,i-01ef7e89d67d2869e
AWOR-DVUIPAPP01 Win 2016,i-0737fd8071dd88ffb
AWOR-DVUIPAPP02 Win10,i-0a1a7b9064cdf6764
AWOR-PDFSMAPP04,i-0d6206e33e928fa06
AWOR-PDFSMAPP03,i-04a4a7d763ed32c60
AWOR-DVDFSFSX04,i-0d4ae88996e4c0c63
AWOR-DVCCRAPP01,i-056214181562f8732
AWOR-DVCCRAPP02,i-03847b89299488980
AWOR-TRPDMLAS01,i-02bcb09a31f9aa316
AWOR-PDDAGAPP02,i-045beba473f2cf3c3
AWOR-PDCCRDB02,i-0799387fa39124c32
Awor-pdarcapp01,i-0e6ee520fe4c62d37
USBR-PDPDMWRK01,i-0716e0a30c832013d
AWOR-SSDFSAPP02,i-088c4af2227310183
AWOR-OQQLKNPR01,i-08fadcd27ae185437
irvJDEMEX02 - dr test original,i-0409a9f87c44214ae
AWOR-PDSQLDB06,i-0f0b5e4dc8d6b7ec8
AWOR-PDQMSDB04,i-0616b0870a1ef3560
AwOr-PdRssApp02,i-04bce85ebf1da2b6f
AWOR-TSMIMDB02,i-0174d2412e824d620
AWOR-PDWPLAPP01 - dr test original,i-01e7879c2fd5369e1
irvORACLN14,i-01fafc603c1a0c145
irvLBLPRG01 - dr test original,i-092e9a005b96515a3
irvORACLN15,i-02df2bef3a5e0be3e
AWOR-PDDMZWEB01,i-0b15c82083cc0dc8d
irvDIGWEB21,i-066b794391011c9dc
irvine837,i-07e1d10e98f97d14d
irvLBLPRG02,i-0b964b316206fc208
AWOR-OQMESDB03,i-0f46d33e48bf538bb
AWOR-PDSLWAPP01,i-0c9e61cadde3ed54a
AWOR-PDMENIMG01,i-0950023535b71eeb8
AWOR-PDFSMAPP21,i-027e2f0bfdd9b8656
AWOR-PDDWHAPP01,i-0e04b39a00b22957c
irvLBLLFT01 - dr test original,i-068ec2e23deacd6a9
awor-pdpitweb02,i-078d13d3156efe10b
AWOR-QAPDMLAS01,i-07c5e3bb5dff842ee
AWOR-PDIPDAPP01 - dr test original,i-0a684b1d5c05e4dff
irvDIGWEB32,i-05f1dd2ad753064c5
AWOR-PDORAAPX01,i-01d49c6ad4ab5dfff
AWORPDPLMAPP01,i-0c42e183c79d7f65c
irvHFMREP02,i-0e0377c376d964b01
AWOR-PDUIPORC02,i-02a2d4d32d595e849
edwards-qlik-fe-proxy-prod,i-08206bae0527c956e
irvMKSINT01,i-0b7b62268282d8709
irvMKSINT01-OQ,i-007d4857da1076e2a
irvOLBSCH01-QA,i-07336d1a9bf01d72e
AWOR-TSOLAPPB01,i-0554a39f23c4c294a
AWOR-PDOLAPDB01,i-0a6617ed71aec7ad9
AWOR-DVCLZDMZ01,i-0a35d835a74a19d42
GPTERM4,i-08499dd00840a6e20
AWOR-PDPAWEXT02,i-0822d4cad479b7701
AWOR-PDXTPAS01,i-02fd4bb5d0b116138
AWOR-PDXTPAS02,i-01ed70351bfa4d3b8
AWOR-PDXTDC41,i-0f4580cb8bacb7c28
AwOr-TsMovXfr01,i-0721b4b2f00d92816
irvLBLLFT02,i-034da1979418847c4
AWOR-TSTEDG01,i-09d8b11f0cd1a19c5
AWOR-PDEXCEDG02,i-082a33b318c64ab43
AWOR-PDJDETRX01,i-0d94b0d9660fc961e
AWOR-PDTRXFIL01,i-0752d3fc1fc45f673
URSA,i-056f46bfd4f3d81e1
AWOR-DVLABAPP02,i-09bf29a9bbf342227
AWPJDEOHS02,i-0f36a0919c8b43163
AWOR-PDQMSWEB02,i-00559b8cf841ec72f
AWOR-PDMOVAPP01,i-0050effd488105c93
AWOR-PDMOVXFR01,i-0eda7988c9a70e4ac
irvJDETRX09,i-0620f06d4e8185692
AWOR-PDVAIAPP02,i-08fd374d038e50b56
AWOR-PDQLKPUB02,i-0b3a365c6d35d2686
USIR-PDVMWVCR01,i-0f519ddebde955dd5
AwOr-PdDlTbl02,i-01240e1d51d44f3c4
awor-testlab02,i-0fb712e6a167b6194
AWTJDE063,i-07360ab51a5855030
AWTJDE084,i-04159e3d38277b49a
AWTJDE074,i-0744500e6f2a94654
AWTJDE066,i-045c53e6f02c79d19
AWTJDE077,i-0319f78e034d15ff2
AWTJDE060,i-0966c878b732756da
AWTJDE069,i-0dcfc09bb276ca29b
AWTJDE062,i-0c35c0bbc156780a5
AWTJDE057,i-0784beeafeddb52ad
AWTJDE058,i-076cd98799e5653e5
AWOR-DVCOLAPP01,i-044ca841486c20f56
AWOR-TSMDMAPP04,i-0f16f37a12eb06c76
AWOR-TSMDMAPP02,i-0c796a86baf1c8d7b
irvPLMIPL01-PD,i-068ecc3cd4c38a866
AWOR-PDCYBEPM01,i-0a4051ae32a7f7a1a
irvIPRAPP01,i-07d9edeca2d96f5fc
awor-pdgtrapp01,i-08ca9f3680a92e337
AWOR-PDGFC01,i-0f29b05e87167650f
AWOR-QARDSCBR02,i-028206f74313cfc6f
AWOR-DVSylTST1,i-0fbfdc7f44e279f23
irvHFMWEB04 - do not turn on,i-09e089a5b0b199624
irvHFMFDM02,i-0cd6faaa8489bc83f
AWOR-TSDMOAPP03,i-00592527b2c653e71
AWOR-PDAZNPS01,i-07a6360dfc1fdf47f
irvDIGDMZ11,i-05c6c2d69d4713a08
irvLBLSPC01,i-0094105ecc3fbc3f1
AwOr-PdDlTbl12,i-09cfac794c7ead38a
AWOR-PDRDSCBR02,i-07d4a48cf6010b14a
awor-develkcmp,i-06f3f417b9ebe0abf
irvine882,i-0bab062b82f8b2c35
AWOR-TSWPLAPP01,i-01272f72053085f51
irvLABSCH02,i-05a390292c9c97f5c
irvLABAPP01,i-0ae3f63791af9e181
AWOR-SSLABRCB01,i-05a69eb691b35aa4b
AWOR-TSSYLAPP01,i-02e0f7f9046df500d
AWTJDEFEG2,i-03d2dbf7248dc02a4
AWOR-PDAZAPP02,i-0de794eeabcc662bc
CloudEndure Replication Server con17,i-077f89d00d5178695
irvine819,i-0ae960078e45ba474
WIN-DB5GAO8RA0G,i-0b021acff0f9af6b7
irvJDEMEX02,i-04da36b1b5f087964
AWTJDESCH02,i-09a77170e25738f66
AWOR-PDARADB01,i-064f5ff3a2c517068
AWOR-TSLABAPP02,i-0628d2aaf5c73c8c2
AWOR-PDBKPSRV01,i-0e9cdd073cfdf7391
AwOr-OqTibDb01,i-022946e6694b5adbf
AwOr-OqTibFil11,i-0481f1e314b502154
irvbizsql01-pd,i-063057f3ebaf35572
AWOR-PDSPCDB01,i-08d3e9c5f65721210
AWOR-PDCSWDB01,i-0caed3a39590c6ce8
irvSQLPRD01,i-05e45d11fc9730422
AWOR-DVCYBPSM01,i-0630f0ccddbb8b736
AWOR-PDCYBWEB01,i-0dff01a5a00e1fff4
AWOR-PDCYBPSM01,i-07a1f7f97f365a55a
AWOR-PDCYBCPM01,i-08030dd2308f35a35
AWOR-DVATAAPP01,i-03685fcc958ed6c29
AWOR-DVCYBPSMP01,i-0e0c21d7f6826a539
AWOR-PDPAWAPP01,i-0f81425b58a47ec9f
AWOR-PDCYBPSMP01,i-0de7f69cab2e90279
AWOR-TRLABSCH01,i-05c43f95ca3c39a21
AWOR-TRLABAPP01,i-05e9557ce60362fb2
AwOr-TmTibBw01,i-039a4ae3101d8ad2a
AWOR-QALABFIL01,i-012a74ec811ec6906
AWOR-PDPDWCL01,i-02e1bf90d4000f785
AWOR-TSATAAPP01,i-024c36882b851917b
AWOR-TSATAAPP02,i-07136efa423c226c9
AWOR-TSATASRV01,i-0fc685cbbb5aa6e08
irvLBLSDL01-DV,i-0e773d0fbba917e97
irvLBLSDLBA-DV,i-0155f5f1efd9dcab1
irvLBLCAR01-PD,i-010133531ca571af8
irvLBLSDL01-PD,i-04d4ffd9b38073763
irvLBLCAR01-OQ,i-0e0ba7ca2f42bfca9
irvLBLSDLBA-OQ,i-037ed8c6a000bf975
irvLBLSDLBA-PD,i-017cd8b52c397b28f
irvLBLSDL01-OQ,i-08eef0eb86cafe52f
irvLBLCAR01-DV,i-01545641aeebab1e0
AwOr-DvTibBw01,i-00dff7131183330cf
AWOR-PDAMUTIL01,i-0879183fba8a76fcb
AWOR-DVAMDC02,i-012b620f2175d251e
AWOR-TSDEVOP01,i-050476cb8699f9caf
AWOR-PDADSYNC01,i-0997d920bf5909ce9
AWOR-PDEWDC20,i-081522c8972566737
AWOR-PDAMDC20,i-038357cc9bf1c438d
AwOr-PdTibBw04,i-0af97481a5bf3b42a
AwOr-PdTibBw03,i-03855aea63227a3ac
AWOR-PDSCCMFSP1,i-0636df03bea1bbeb6
AWOR-OS2016,i-0ac1c26c5c89160bf
AWOR-PDIVFAPP01,i-0946384fc6c97a48d
AWOR-PDSCCMDP01,i-06e99fbe7731020db
awor-tspbcapp01,i-08097055401306842
asadmin-fe-proxy-common,i-08965792429319f23
AWOR-PDAMUTIL02,i-03fed095fe998763e
irvEXCHYB04,i-039b0c5892f04055a
irvEXCHYB05,i-06f330fb74a298cb9
awor-PDpbcapp01,i-048d10b3800e994b1
AWOR-PDPAWRED01,i-0f769c50a2bd977c8
AWOR-PDPAWRED02,i-0dea41587596dac60
AWOR-TSEXCH02,i-0125d68ef90782a70
AWOR-TSEXCH01,i-0137c01c33bd064af
AWOR-DVMESWRK05,i-05cfe60fc3605998a
AWOR-DVSQLDB02,i-0cb56ebe50cbf8e0c
AWTJDESQL1,i-0630e6d6ff0aa9aee
AWOR-PDATAAPP01,i-0ac2f28e3e025496c
AWOR-PDATAAPP02,i-03991d1fa3db8e7d4
AWPJDEDB1,i-05331ef59ff45cd70
AWOR-TSSNOAPP01,i-01168288eda85fc1e
AWOR-PDSNOAPP01,i-0e730d59615eeccfa
AWOR-PDSNOAPP02,i-0a1f8aaf1e6bb1eee
AWOR-DVQDAAPP01,i-0fda191b5a251854f
AWOR-DVTMRAPP01,i-0db5693bdb712c0b1
AwOr-OqTibBw01,i-04e1ba2b2ea99228a
AwOr-OqTibBw02,i-0561e15803ecce81e
AWOR-DVQLKAPP02,i-0b65a6ee384204b48
AWOR-PDCSIAPP01,i-06aff2b0e10c200b3
AWOR-PDCSIDB01,i-0fc021b26033accf3
AWOR-PDRFXAPP02,i-0f127c134986ec52c
AWOR-PDMESCIO01,i-06e2f4e8bfba017de
AWOR-DVTHVDB01,i-0d58491de02f96a65
AWPJDEWL01,i-07616edae3ff85c37
AWOR-PDDIRAPP01,i-0029f9b0e3f1af57b
AWOR-PDDIRAPP02,i-04ce83a178d8c5315
AWORTRPLMAPP01,i-0078319493774b9bb
AWOR-PDTHVDB01,i-0b1d27dc0f6ac1e14
AWOR-PDNSOPLP01,i-0f95165fe9f7e70a4
AWOR-PDREDDC30,i-00f64bff3450e3d6e
irvOLBSQL01-DR,i-0f274930b1565276a
AWOR-PDMESWEB05,i-06ca8d2398c0a9f3d
DRALBLLFT01,i-0a5512eb03cef0927
irvine739,i-0e2e19fcf56c30294
irvine813,i-014768cd77388730a
AWPJDEADF1,i-0bc81afdfad889219
AWOR-PDWEFAPP01,i-03f72d55eae8b8747
AWOR-PDSCCMSS01,i-08c4455fb37731bb3
AWOR-PDPRGAPP01,i-0efe021fe253c6f44
AwOr-TsTibBw01,i-0019b7e08b7628780
AWOR-DVTANMOD01,i-075f2d8832852044c
AWOR-DVTANAPP01,i-0f1edf12f65566bbe
AWOR-PDTANMOD01,i-0af50554d9057ad09
AWOR-PDTANAPP01,i-0e9083fb938a9c3af
irvBizOQ03,i-01139a307ce530f6b
AWTJDEWL16,i-012d9819551ef3e83
irvCOGGWP02,i-08c5d1ba901154a8d
AWOR-DVWPLAPP01,i-0e997fc035833c238
irvLBLCMS01,i-0a8ce901326240cac
AWOR-PDCLDMGR01,i-013ba0cd462d0af0c
AWORFASCLS01-mediator,i-0d68c5ccd8e0a8d87
AWORFASCLS01-01,i-0356edd8e62c34f5b
AWORFASCLS01-02,i-0dd26d7e3133fc077
AWOR-PDAMDC21,i-0a9b65d3d1b9bf436
AWOR-PDWCVAPP20,i-09e13770642f370cb
AWOR-PDPAFCWEB01,i-048e90b6b5aff9914
AWOR-PDT1PAS01,i-014b81f6aad7d23ae
AWOR-PDQLKGEO01,i-016f474c998b2ea66
AWOR-PDQLKNPR02,i-013c92c02e5fb983a
AWOR-PDSQLDB03,i-07ef30b83a26f8623
AWPJDEWL21,i-0f71ae483f2b66860
AWPJDEWL23,i-0d826f9e35096f4c4
AWPJDEWL25,i-0d90cda09109f7e62
AWPJDEWL27,i-0388b8f2b737b79bf
AWOR-SSEAJBW01,i-02eb2d8728f8241ba
AWOR-DVEQMAPP01,i-04c133c5084af696f
AWOR-PDFTP01,i-02866a3c53db8cb55
AWPJDELG14,i-0ee888fb2ee07f13a
AWOR-DVEDLDB01,i-0eb4cd5c79a89f9e5
AWOR-SSTIBJBL01,i-0ef8b8babc3813aef
AWPJDESCH01,i-0f121075b4c810b51
AWOR-PDTANZON01,i-006a7a82041e8d642
AWOR-PDWVSAPP01,i-0e65a285a03bbedb6
DRASQLPD01,i-0fb85e8205934b7b7
DRASQLTST01,i-062bb2c0b59406965
AWOR-PDBMSAPP01,i-01ea4412b8671e50f
awor-pdbmsdb01,i-0c7403883548e7e57
AWOR-TSTEDG02,i-0b0f150ecec1b0fda
AWOR-PDSQLDB04,i-03eac6a9a045708dd
AWOR-DVSQLDB04,i-01e2676ae9addc453
AWOR-PDSCCMIMP1,i-01444ab3e9c3698fa
AWOR-QAPRTG01,i-0957bd0fe95c1e0c2
SAOSQLORA01,i-0fccda5bae617f8ba
SAOFILPRT02,i-0fdb723d997ae289b
edwards-exch-fe-proxy-test,i-047f100dd87e9be10
AWOR-PDWOMBAT01,i-02f9ee256e0503c59
AWOR-PDCCURBD01,i-032a7c452648bc5d4
AWOR-TsRssApp01,i-0e952d3fdd4887191
AWOR-DVWCVAPP23,i-0d339ec5c8a4a9c29
AWOR-TSWCVAPP24,i-044d21f3b36e867a6
AWOR-QAWCVAPP25,i-09a4d895d41b07c9d
AWOR-TRWCVAPP26,i-01de9c127ae31c18d
irvINE724,i-041f2dc5a8f247140
AWOR-DVLNXAPP01,i-089259b10ff48073d
AWOR-PDSECVUL02,i-00e6a99907f612192
AWOR-DVSECPRX01,i-0d9d03b1e88f8e189
AWPJDELG01,i-00ff9e20b18002c18
AWPJDELG02,i-08647d4ad13d1f5f3
AWPJDELG04,i-091299054e1f8754c
AWPJDELG07,i-03aaf2a8e9557c185
AWPJDELG08,i-0557fba7c56fdbd7d
AWPJDELG10,i-03706f8aa018ff2fd
AWPJDELG12,i-0577f2ca79db97202
AWPJDELG15,i-0ad9dffce33e60156
AWTJDELG09,i-0cfa48841a828ecc8
AWOR-PDMESBO04,i-0bfa55dcaab652ac3
AWOR-PDMESBO02,i-0ee27ebd2f06d22ab
AWOR-PDMESBO03,i-08318bd26b7728bb9
AWOR-PDMESBO05,i-0d3a154b2395d084f
AWOR-OQMESBO03,i-03e9a54d4f32aca8b
AWOR-OQMESBO02,i-0a0a08cd689b820c0
AWOR-PDQLIKPROXY01,i-05a2441c5ba4969e7
AWOR-DVLNXSQL01,i-08d52cf319bb885aa
AWOR-DVLNXSQL02,i-024ed90cd6e03a9df
AWOR-DVQMSDB01,i-0b191411d8f8d3548
AWOR-TSSASAPP01,i-0aa90d025de8abbee
irvOLBECM01-PRD,i-05bb6fef8b3af94b2
irvOLBSCH01-PRD,i-0fb8946b88a75d80c
AWOR-PDTANAPP02,i-0c033709318cb8071
AWOR-PDQLKSNS03,i-0a0dc338a145e4d41
AWPJDEAI03,i-006bdd8443314ff64
AWPJDEBSS3,i-002341d22593d454a
AWTJDEBSS4,i-03f38d022faf00924
AWTJDEAI05,i-001e863a65d4a31b9
AWTJDEADF2,i-0eab768a3f72498c2
AWOR-PDCTCAPP01,i-083498bfcf2cf4265
AWOR-PDTABAPP01,i-04710f3ce54c65589
AWOR-TSRAPP01,i-0bbbf727ca7e5781d
AWOR-DVORAAPX02,i-028d0b8ee0eaae386
AWOR-PDNETBAPP1,i-0e40f7eecb373fb52
AWOR-PDNETBDB01,i-0e04b8f071da5060c
AWOR-PDCVDAPP01,i-0f220db455884d71e
AWOR-PDCVDAPP02,i-0c08a2146bd72aa45
AWOR-PDENGLIC01,i-08b44f89f699109ba
AWOR-QACTCAPP01,i-0a38fb77f7ea628ba
AWOR-QACVDAPP01,i-05cceebbdb856fd8c
AWOR-PDPXPDB04,i-0a8ef1c3c31bc6c9e
AWOR-PDOPTAPP01,i-00f14e5e8b8d2134a
AWOR-PDCTXFIL01,i-021a47372339fd51c
AWOR-QACTXFIL01,i-0f15d5a8deadc24ce
AWOR-PDAGTApp01,i-0243ab7358cc46462
AWOR-PDDGOAPP01,i-07c3263f414203f27
irvTHVSAS01,i-0995e62fc82431090
TRN-RND-PAN-A,i-07ecec10e2f76b95b
CanadaFS01,i-0fdfe6355f3c29760
AWOR-PDFSMAPP02,i-04cbcefc911611fed
AWOR-PDFSMAPP01,i-074e1a6752f51500d
AWOR-PDDELTAPP01,i-03caa59ef5ccecd2d
AWOR-PDFSMAPP08,i-0d9a9ed1304535f3e
AWOR-PDFSMAPP07,i-0ebab42db7a3d8be2
AWOR-PDFSMAPP06,i-0b6b5af9d67387f56
AWOR-PDFSMAPP05,i-0d166bb7515230eaf
awor-pdpapan01,i-02877b75ad3cf4e47
AWOR-SYMSLCP01,i-098a8249307746fdb
AWOR-OQQMSDB01,i-06fe0ce6c21d26b18
AWOR-PDSASAPP01,i-0134c9839ba7c29f0
AWOR-DVJDAAPP01,i-0eaa08d8815331cd8
AWOR-DVMADAPP02,i-01d3b5f17030f4a89
AWOR-DVDFSFSX03,i-05d5b0a3c7ea9861d
els-nginx-sccm-prd,i-0996c44404d687c9e
AWOR-PDCCRAPP01,i-043b878ffa59777f0
AWOR-PDCCRAPP02,i-0104147faa9eb8aa7
AwOr-DvArcApp01,i-0489fca285fc866c9
AWOR-TS170APP01,i-037009b9cf191f9b6
AWOR-PD170APP01,i-06246f2038a6b80b7
AWOR-PDAZUPRX01,i-02b29a283b577a0f9
AWOR-PDDAGAPP01,i-093e166aaac4cd3da
AWOR-QACVDAPP03,i-068336b5b07d3dc0d
AWOR-QACVDAPP04,i-0d6ebf3da2e2dc8cb
AWOR-PDCVDAPP03,i-067be1b5e4ecb42b0
AWOR-PDCVDAPP04,i-0ad598837d7e370bc
AWOR-PDPROAPP01,i-074aa98cba006be07
AWOR-QAPROAPP01,i-00d8d564407e166eb
AWOR-OQQLKSNS01,i-0d41a8eea908b7cb2
AWOR-TSJDAAPP01,i-05cc401df3e1dfefe
AWOR-PDECMDB04,i-07c2b3f73879785b9
AWOR-PDSCHAPP02,i-06342bd4868c3bf28
AWOR-PDSHSAPP03,i-0a3f8635119024768
AWOR-QAECMAPP01,i-05965843b881c89f0
AWOR-QASHSAPP03,i-0f406210894578db9
AWOR-QASCHAPP02,i-000724efdcb92bc26
AWOR-PDFSMAPP09,i-0848e967487e689cf
AWOR-PDFSMAPP10,i-0786e16dfd7a74160
AWOR-PDECMAPP01,i-00c94279e5842f091
AWOR-PDCCRDB01,i-0ec66c0556feed657
AWOR-PDFSMAPP15,i-0e10de0706f71638f
AWOR-PDJDAAPP01,i-014f66736c1802e9b
AWOR-PDRDSLIC01,i-030a527f961f712a4
AWOR-PDORAAPX02,i-017e7b472e9713d74
AWOR-DVPITWEB01,i-0b18a56eec88e66cd
AWOR-DVPDMLAPP1,i-0621f13e960b96360
AWOR-PDTOMAPP01,i-05a7a8cd282928536
AWOR-PDFSMAPP14,i-0a1f2389e3e33cc12
AWOR-PDSECPSH01,i-0e21a7611ea8a3a90
awor-pdsciapp01,i-09042bc04df09591d
awor-pdscidb01,i-079b8db948dbab1e8
AWOR-SSDFSAPP01,i-0b1869fecce2111a8
AWOR-PDBAGAPP01,i-00f26c1eb066b8e46
AWOR-PDSECPAS01,i-021112a7290dfab21
AWOR-PDMESDB04,i-0ddfc0535e6a7c2d3
AWOR-DVMESDSB01,i-075e34443e305a39c
AWOR-OQSCIDB01,i-030e5cabc0698e5b8
AWOR-OQSCIAPP01,i-0b16cad4f24788f36
AWOR-PDMESDSB01,i-084f2d7a7af536105
AWOR-DVORAAPX03,i-0fb90f53ba1d30d2b
AWOR-DVCONAPP01,i-0194f1e826f91426e
AWOR-PDDHRAPP01,i-02eb397ec1da7abe1
AwOr-PdRssApp01,i-09d4e7e576da2dc89
AWOR-PDRAPP01,i-0626219feb1a0800f
USBR-PDSCMCOD01,i-0ed24b04284a77c95
AWOR-PDSQLDB05,i-075da7f39705bd6ee
AWOR-PDQMSDB03,i-0dc30c6b39f26b86b
AWOR-DVUIPAPP03,i-06fabee2c7f826e47
AWOR-PDUIPAPP01,i-0ba328f9a8f8ebe20
AWOR-TSUIPAPP01,i-0430d96ebb59516d5
AWOR-PDUIPAPP02,i-0d237919ffaf960a7
AWOR-PDEUDC20,i-023b174a9280b2d44
AWOR-PDSHSAPP04,i-046ccecc597cf471b
AwOr-OqTibAdm01,i-03faf1031a913dc0f
AWOR-PDIQSAPP01,i-0f25305511ec0698c
AWOR-PDMKSVDI10,i-0825f58949a0ad97d
AWOR-PDMKSVDI02,i-046e44e30979bf23b
AWOR-PDMKSVDI08,i-0ee7761eff04db36d
AWOR-PDMKSVDI09,i-0f09678bf2267e716
AWOR-PDMKSVDI05,i-0ceed607956eea281
AWOR-PDMKSVDI06,i-0d2c8143a92c7eab0
AWOR-PDMKSVDI04,i-09639ef7bcd963f5e
AWOR-PDMKSVDI07,i-0e7cd6cf4cc766d3e
AWOR-PDMKSVDI01,i-01e0983e0d518c8da
AWOR-PDMKSVDI03,i-0479a420f05ab362c
AWOR-PDUIPAPP03,i-0f709e2461db27ebe
AWOR-PDUIPAPP04,i-07046d57098f2f872
DRAREFRESH01,i-0959df6381273a5a2
AWOR-PDMKSVDI13,i-0c9cc9fdb6c90f2fd
AWOR-PDMKSVDI12,i-042423e81973ee064
AWOR-PDMKSVDI11,i-009b385669d6e1f81
irvITRSPT04,i-048f25a9f5ae9d204
AWOR-PDUIPAPP05,i-028eab062bf02068a
AWOR-TSDWHAPP01,i-026e93a0cdec8fcfe
AWOR-PDFSMAPP16,i-021e15f27fee7db2f
AWOR-PDFSMAPP17,i-0c8ab444f6c4e33c8
AWOR-PDFSMAPP18,i-09a9a581ca8dcc0d8
AWOR-PDFSMAPP19,i-016ae9baaecac4bbf
AWOR-PDFSMAPP20,i-0a6a362a522f6737c
awor-pdscifil01,i-0a961417875d95bbd
AWOR-PDXMSAPP01,i-0331e14775ef4ce0f
AWOR-PDCLNSQL01,i-0bf3165ebffc0f49d
AWOR-DVTABAPP01,i-049f50d06a2789dd9
AWOR-DVTABAPP02,i-093f9c127d3d4ac36
AWOR-DVTABAPP03,i-07037d9e234270ad5
AWOR-PDBMSDB02,i-04285d12632baa3d9
AWOR-DEVYFAPP01,i-0d87a7aca716d98fc
AWOR-PDSLWDB01,i-0ed338b05ecc8e78a
AWOR-DEVQSAPP01,i-099443ae6cf60be0c
AWOR-DVCDRAPP01,i-052647a791020b90f
irvHFMFND02,i-08ab8149fd842c86b
irvHFMWEB03,i-04cfdf6d690cb73ad
AWOR-QAVAIAPP02,i-00d2ca2b4d0291f01
AWOR-PDMKSVDI14,i-0a68627f0ab71472a
AWOR-PDQLKNPR03,i-02a7a72f8491e230f
AWOR-DVHCPAPP01,i-095aace6a85e93413
AWOR-PDENCAPP01,i-0717c383a3b43b79c
AWOR-PDCCEVDI02,i-0eef6f25dcd2a95bc
AWOR-PDCCEVDI01,i-0d539d0545b632184
AWOR-PDUIPORC01,i-0bfd3cfe6194a1d7c
AWOR-DVUIPAPP04,i-0ae35bd565c75fe1a
AWOR-PDQLKPUB01,i-0d807c0ef4f495c13
AWOR-PDKARAPP01,i-052ef87f71bbca32d
AWOR-TSUIPORC01,i-0eae96b62907e7fca
AWOR-DVIDQAPP01,i-0d35ff58ddca461db
AWOR-PDPDMLAS01,i-0e0f29a2d30699ac4
AWOR-TSOLAPDB01,i-009cc419e188aebf7
AWOR-SWKSCOL01,i-04079bf9511300416
AWOR-DVESLDB01,i-01ae8b593ba547e2f
AWOR-TSESLDB01,i-0bc079ae8c47a5a1f
AWOR-PDSCCMPR01,i-0ca907b37a3fb809a
AWOR-PDPANUID01,i-0c865e97736ccc197
AWOR-PDOLAPPB01,i-044af4665f83bcced
AWOR-PDESLDB02,i-0dc89ec365b864c73
AWOR-PDCLBAPP01,i-0e6ffc6240601d731
AWOR-PDESLDB01,i-0016fc3743d4e90ce
irvine902,i-09bf74e7c9e108350
AWTJDEBSS5,i-02211e027e7792ceb
AWTJDEOHS01,i-03a4f30ed29d37deb
AWPJDEBSS2,i-062e265ad0cd46833
AWOR-PDWEBAPP01,i-0c34c44df4f42cf44
AWOR-PDEUMDMZ01,i-06377d68b17c0759d
irvSECMOV06,i-02545f8295797b20c
AWOR-PDPAWEXT01,i-0ee998bc6d306793d
AWOR-PDXTDC30,i-0a3e1dc905fcd0040
AWOR-TSPDMLAS01,i-0d2e94c225fcd93b1
AWOR-PDCOVAPP01,i-05b6ef28cb6cf360a
AWOR-DVARAAPP03,i-0943609a1b3884400
AWOR-DVUIPAPP05,i-0f8742454981bd492
AWOR-PDXTDC40,i-00162217f8044877e
AWOR-TSNSPAPP01,i-04f2537f729357194
AwOr-SsDlTbl01,i-0689645b339f141f7
AWOR-DVMESWRK03,i-054769416e91c68d0
AwOr-TsMovApp01,i-0239a76dd3e533c0e
awor-dvopsjmp01,i-0dfb82a53d4fca786
AWPJDEOHS01,i-00e981ea2ba6a7bc1
AwOr-SsDlEtl01,i-0d6125e47a41569c0
AwOr-PdDlEtl01,i-0fbc4d0ac3bb0c620
AWOR-LINUXTEST,i-02dce372ffa91e178
AWOR-PDIDQAPP01,i-00976a21e5ac2aa44
AWOR-DVPLMDB02,i-0d66d8ec678abb305
AWOR-PDEXCEDG01,i-0e6089eb74e55a33c
AWOR-PDTHVWEB01,i-056777576182bf3de
AWOR-DVMESWRK07,i-044b13b99ee35ddfb
els-patch-test-prod,i-06e0cef8b93174699
els-patch-test-non-prod,i-01979c9cd318820cc
AWOR-DVPTCVDI01,i-059323aa5207e7b46
AWOR-PDCDRAPP01,i-0315b1b45528552ab
AWOR-TSTRXFIL02,i-0992163db8175223c
AWOR-TSJDETRX02,i-03f705be9fd07b78e
AWOR-PDVPXAPP01,i-017683479b313c8aa
AWOR-TSRRRAPP01,i-05522bb8a73c56974
AWOR-PDQMSAPP02,i-00b4f6e5d6c0e64a4
irvVALGEN01,i-020c078513bab53c4
AWOR-SSDLJBW01,i-0c6f2e2e6383eb026
AWOR-PDRRRAPP01,i-06e956a9fd9f4c2de
AWOR-PDRRRAPP02,i-0fe2c22c02abebec1
AWOR-PDSNAPAPP01,i-07234e389f055f41a
AWOR-DVMDMAPP01,i-0be7a015b9d5e52d9
irvMETCAL02,i-07837f5eabff8df09
irvJDE92BI,i-0ed6427c72fa43b84
irvDIGWEB13,i-0aefebd9ba729ffc1
edwards-qlik-fe-proxy-prod,i-0c7a3004c75bee917
AWOR-PDSCIAPP02,i-066fc2ec95499e6f1
AWOR-PDOMNAPP01,i-0645e2beb57ae4526
AWOR-DVDRGAPP05,i-0373b05dc374725b6
AwOr-SsDlTbl02,i-071da497949f2f5b8
irvine819 - dr test original,i-0653c5f3cef80ba95
AWOR-PDAZAPP01,i-0ddac3d7b30acee04
AWTJDE039,i-00f8a6e73150be01b
AWTJDE032-Old,i-0e9f481971ebcfd20
AWOR-PDTEMAPP01,i-07cb9568ade6c47be
AWOR-PDFSMAPP23,i-08a33000ba5bf8b14
AWTJDE033,i-01fcf6c3a35133657
AWOR-PDSECVUL03,i-07234eb605d072de5
AWOR-PDSECVUL01,i-01b962675d162c182
AWTJDE038,i-05bc80c84120f8790
AWPJDEADF2,i-05f1503583db376fd
AWTJDE037,i-02c7cd9ac04bd5e90
AwOr-SsDlTbl11,i-002cb8d5c8981987f
AwOr-PdDlTbl01,i-075b2decd570f725e
AWTJDE034,i-0627898d4c76aa286
AWTJDE035,i-05855bd21a990f71b
AWTJDE036,i-09c31eec33eb48c69
AWOR-PDBKPSRV02,i-0b1c7e5a2cd51d518
AwOr-PdDlTbl11,i-0240d2d2ace781b3f
AWOR-PDUIPAPP06,i-083455fb9d815c499
AWOR-TSUIPAPP03,i-06923573300165345
AWTJDE073,i-07d2835425c46ef00
AWTJDE075,i-0787dbb1d6d77b4af
AWTJDE071,i-0d8f9683f8aec4b94
AWTJDE065,i-0616cd3e09653ee89
AWTJDE067,i-0d101678d553fb311
AWTJDE076,i-076063b658914939d
AWTJDE070,i-0ac8d6a7937bd46be
AWTJDE047,i-0321dcba83fa7b0e8
AWTJDE056,i-0b0a7534f2a5f2632
AWTJDE064,i-00c0c8c8d95cd96fc
AWOR-PDOCRAPP01,i-0eecbb90be14ee91a
AWTJDE079,i-03c613813c4f63905
AWTJDE082,i-00c4ca7a4315c9997
awor-testlab01,i-0f4489c9307519e1d
AWTJDE080,i-0820885ad8ada3527
AWTJDE078,i-0c12599ffe33e4cb0
AWTJDE081,i-02bd5face19ce39b4
AWTJDE083,i-06b0156b2d89cfdbb
AWOR-TSMDMAPP03,i-0fc4ad89144622286
AWOR-TSMDMAPP01,i-040c74d17b8c9a9d4
AWTJDE031,i-0506446522c4f949e
AWTJDE030,i-05d441e79de379766
AWTJDE059,i-03eecb3cf9a017e35
AWTJDE072,i-0ba331051af5ca1b9
Awor-pdscidb02,i-08c3f13cddcfd882c
Awor-pdscidb03,i-05710f050557ae378
irvPLMIPL02-PD,i-0b999a198c3abc2c4
irvPLMISE02-PD,i-039bccf450e68d08e
irvQMSWEB01,i-00160af351701f41f
irvQMSAPP01,i-0e194913987d9c3be
AWOR-TSARAPDB01,i-005286019c8d1d63c
AWOR-PDAZRSHDC,i-0d83f3ce09de24945
AWOR-DVMETAPP01,i-01d001b269b68942a
AWOR-PDDAGAPP03,i-0a208c94804b83e2e
AWTJDE040,i-06808d7261fe5a5d4
AWTJDE043,i-041c81eb45b7f0872
AWTJDE048,i-0d85d7239447592bd
AWTJDE042,i-034497b443c866ba0
AWTJDE049,i-0e2f9106a24a61aac
AWTJDE046,i-0b94d45db4452641b
AWTJDE045,i-074c8d8394e153ba7
AWTJDE044,i-05a9eee66dad3d24f
AWTJDE041,i-017e24e6a5cd28e6a
AWOR-QARDSCBR01,i-0408ba9aa109efd3c
AWOR-DVLFTAPP01,i-092287c23646a0787
AWOR-DVGSUIAP02,i-05e8fa41bce579747
AWOR-DVGSUIAP01,i-0d062811b65def947
AWOR-DVGSCAPP01,i-0409e914c2f17fbe8
AWOR-DVGSCAPP02,i-053e28726e67d8904
AWOR-DVLFTCLT01,i-0d7bf451bfe9cc2ad
irvIPRDEV01,i-0b2fa3310a1a1354c
AWOR-OQMESWEB02,i-086e70b2ef2f451b7
AWOR-PDSECSEM01,i-037db1692a24e0723
irvJDEVTX01,i-06f604feac4439579
AWOR-DVDWHAPP02,i-06050bf527d4fc6d4
AwOr-TmTibAdm01,i-068cbef52da8b99e8
AWPJDEAI01,i-0ca33c8e95e0bd3e1
AWOR-DVSCIAPP01,i-0f66856e364fc2f4f
AWOR-PDPSAAPP01,i-048236ca183b553e7
AWOR-PDRDSCBR01,i-0e412f0a96b8d3f39
AWTJDE050,i-04ca3057fa5c10d48
AWOR-PDSECAGT01,i-0e873fd22db189ebb
AWOR-TSSNOAPP02,i-018d27468e5bd8cd0
AWTJDE054,i-0c525be5cdef298c4
AWTJDE052,i-03eaaed9a0f11a20e
AWTJDE051,i-032f67f88d605953e
AWTJDE055,i-0d8deed45eb72c59d
AWTJDE053,i-0bd92ca0b8fe0c577
AWOR-SSTIBOPS02,i-0d3b5a9c56f856883
AWOR-DVTANAPP10,i-0ba503eca0c009f5b
AWOR-DVMESWRK01,i-0096cb5e5b541bef7
AWOR-DVMESWRK02,i-09c0c7b6b5f3a5a77
AWOR-DVMESWRK04,i-07d7f84e0758fe0e3
AWOR-DVMESBO02,i-02c17ce791b7e67fa
AWOR-PDCOLAPP01,i-0b39dc011a50144f3
AWOR-PDUIPAPP07,i-0c80c15c547841904
irvLABAPP02,i-024fdefdda6363545
Test,i-01ce8684bf9976a50
AWOR-DVSCIDB01,i-02e6fddbd46aa0533
AWOR-PDPOLAPP01,i-0937fa4dd69c42421
AWOR-PD3MENAP01,i-02845efc33bfa9c39
AWTJDE032,i-04602ded6242b2c9c
irvCOGGWP01,i-0ec509e38b967bead
irvCOGBIP03,i-047e5d0fa966268d1
irvCOGBIP01,i-078533695f3ceb229
AwOr-TmTibAdm01-2,i-07ea1e5701b9807d0
AWPJDEDEP01,i-0429559a7fd4cd714
AWOR-PDWPLAPP01,i-0fe211f5026d00d1b
iRVLBLLFT01,i-03536ebb79377e939
AWOR-PDIPDAPP01,i-0cc3be9969838986f
iRVJDEMEX02,i-02087177b6bb60250
irvLBLPRG01,i-0e1750e03c0985476
irvHFMWEB03-tmp,i-0c79df8463c4b3fe0
irvHFMSQL01-DR,i-08615acf34e0fa6a2
AwOr-PdTibDbW01,i-06583b205d327276f
AWOR-PDPLMDBW01,i-06c9bda04aa30f6d1
AWOR-PDARADBW01,i-0927d6c71bf5b7a96
AWOR-PDMESDBW01,i-082a75f0bd5e1f845
AWOR-PDCYBPSM03,i-01024016c922de94f
AWOR-PDDHCP02,i-02dce6e7aeea7300a
AWOR-PDPXPDBW01,i-0141623f4d9cf4017
AWOR-PDTABAPP03,i-0defb63bf3eeb8e53
AWOR-PDSQLDBW05,i-02b85224c3324c815
AWOR-PDQMSDBW01,i-0831d8c1b01480019
AWOR-PDPYTAPP01,i-07ac0c8da729d840d
irvine815,i-0ba0bab8f2e986384
AWOR-PDADBAPP01,i-074b08a53424e2800
troubleshoot netscaler,i-008cfd468fe296fcd
AwOr-PdDlTbl03,i-0cffc6e2a444d1eb3
AwOr-PdDlTbl13,i-0b0bc45027e1976f7
