i-0ae3f63791af9e181,arn:aws:iam::590992000271:instance-profile/EdwardsS3SGWRoleforSSMandCWAgent
i-02e0f7f9046df500d,arn:aws:iam::590992000271:instance-profile/EdwardsS3SGWRoleforSSMandCWAgent
i-0b1c7e5a2cd51d518,arn:aws:iam::590992000271:instance-profile/EdwardsS3SGWRoleforSSMandCWAgent
i-018d27468e5bd8cd0,arn:aws:iam::590992000271:instance-profile/EdwardsS3SGWRoleforSSMandCWAgent
i-0d8deed45eb72c59d,arn:aws:iam::590992000271:instance-profile/EdwardsS3SGWRoleforSSMandCWAgent
i-0bd92ca0b8fe0c577,arn:aws:iam::590992000271:instance-profile/EdwardsS3SGWRoleforSSMandCWAgent
i-0c525be5cdef298c4,arn:aws:iam::590992000271:instance-profile/EdwardsS3SGWRoleforSSMandCWAgent
i-03eaaed9a0f11a20e,arn:aws:iam::590992000271:instance-profile/EdwardsS3SGWRoleforSSMandCWAgent
i-032f67f88d605953e,arn:aws:iam::590992000271:instance-profile/EdwardsS3SGWRoleforSSMandCWAgent
i-0ba503eca0c009f5b,arn:aws:iam::590992000271:instance-profile/EdwardsS3SGWRoleforSSMandCWAgent
i-024fdefdda6363545,arn:aws:iam::590992000271:instance-profile/EdwardsS3SGWRoleforSSMandCWAgent
i-01ce8684bf9976a50,arn:aws:iam::590992000271:instance-profile/EdwardsS3SGWRoleforSSMandCWAgent
i-0937fa4dd69c42421,arn:aws:iam::590992000271:instance-profile/EdwardsS3SGWRoleforSSMandCWAgen